date_hour,VADER,LM_score,FBscore,open,close,volume
8/28/24 15:00,-0.3243,0.25,-0.294104713,59191.29,59005.54,764.5837407
8/28/24 16:00,0.20332,0.3125,0.064195039,59006.31,59198.67,1229.747734
8/28/24 17:00,0,0,0.019801833,59194.07,58657.28,432.7910325
8/28/24 18:00,-0.01535,0.034090909,0.342256382,58657.28,59507.49,508.506148
8/28/24 19:00,0.33805,0.179427084,-0.009715232,59504.99,58904.42,615.52649
8/28/24 21:00,0.057414286,0.197402597,-0.006097563,59319.29,59130,224.7823138
8/28/24 22:00,-0.23835,-0.3,-0.049086553,59130,59203.75,345.6233331
8/29/24 0:00,-0.164633333,0,-0.002512422,59047.94,59221.72,149.6170585
8/29/24 2:00,0,0,-0.022757452,59012.6,59141.93,151.7283452
8/29/24 6:00,0,0,0.036380516,59454.63,59586.26,187.594402
8/29/24 7:00,0,0.2,-0.001683415,59586.25,59595.66,77.68038235
8/29/24 9:00,0,0,0.013216093,59567.9,59610.97,102.8068392
8/29/24 10:00,0,0,0.011536732,59610.98,59684.95,138.4690968
8/29/24 11:00,0,0,-0.123730134,59684.94,60078.75,410.9295866
8/29/24 12:00,0.110383333,0.008333333,-0.139279044,60078.74,60333.61,460.9323421
8/29/24 13:00,0.22272,0.02,0.074159899,60333.42,60646.43,1017.131098
8/29/24 14:00,0.062714286,0.042857143,-0.069222852,60648.6,60835.47,1276.376059
8/29/24 15:00,-0.147433333,0.088888889,-0.498791373,60835.46,60800.47,1054.598897
8/29/24 16:00,0,0,0.921530722,60800.47,60309.03,1009.800576
8/29/24 17:00,0.004,0.3,-0.165779798,60309.03,60547.32,473.6723595
8/29/24 18:00,0.04655,-0.159375,0.056123691,60552.51,59168.77,1706.45339
8/29/24 19:00,0.274066667,0.233333333,0.29840305,59164.39,59253.71,884.604186
8/29/24 20:00,0.090925,0.096590909,-0.147683299,59257.93,59538.7,394.816926
8/29/24 21:00,-0.171025,0.065625,0.156464111,59536.78,59493.26,142.3097576
8/29/24 22:00,-0.2732,0.25,0.011879884,59493.26,59210.7,392.8410601
8/29/24 23:00,-0.105375,-0.119583333,0.008063832,59210.74,59364.47,147.7509544
8/30/24 1:00,0,-0.3,0.044840349,59196.29,59217.63,213.0396582
8/30/24 2:00,0.2553,0.3,0.113291569,59209.97,59200.01,161.8585366
8/30/24 4:00,0,0,0.00607916,59030.39,59009.17,98.23126639
8/30/24 5:00,0,-0.031818182,0.030980775,59011.91,58786.39,257.3645527
8/30/24 6:00,0,-0.125,-0.008231827,58786.4,59359.57,221.2500743
8/30/24 7:00,0,0,-0.02049084,59355.66,59264.94,522.2589938
8/30/24 9:00,0,0.330606061,-0.024624182,59453.38,59581.67,150.3411012
8/30/24 10:00,0.055175,0.10625,0.086561543,59584.17,59593.33,109.7921076
8/30/24 11:00,0,0.025,-0.416980441,59593.33,59400.06,153.8331373
8/30/24 12:00,0.0772,0,0.005375102,59400.06,59543.38,365.261056
8/30/24 13:00,0.053428571,0.140909091,0.083203767,59543.45,59662.25,385.7481876
8/30/24 14:00,0.270966667,0.083333333,0.009612931,59667.17,58445,1506.434428
8/30/24 15:00,0.045533333,-0.129356061,0.074623435,58438.2,58085.45,1658.163543
8/30/24 16:00,0,0,-0.008362937,58085.45,58542.1,931.8805239
8/30/24 17:00,0.28595,0.205681818,0.009022037,58542.09,58623.78,375.4693508
8/30/24 18:00,0.16468,0.29,0.043290571,58623.78,59362.38,546.2785346
8/30/24 19:00,-0.045566667,-0.066666667,0.003071259,59362.4,58674.49,486.4000093
8/30/24 20:00,0.314,0,0.058105647,58674.49,59040.96,189.7917366
8/30/24 21:00,-0.148,0,0.2820542,59041.01,59055.77,116.4948856
8/30/24 22:00,0,0,-0.003608387,59055.78,59223.62,163.6592699
8/30/24 23:00,0.34,0.375,0.008082412,59223.62,59112.77,79.60292548
8/31/24 0:00,0.26335,0.25,0.027667539,59117.59,59231.98,125.2339011
8/31/24 1:00,-0.4033,-0.1875,-0.151053727,59232.45,59276.38,55.80685249
8/31/24 2:00,-0.091066667,0.045454545,-0.114644971,59279.46,59190.39,49.26862702
8/31/24 3:00,0,0,-0.008405581,59190.38,59232.4,41.55092415
8/31/24 4:00,0,0,-0.057514951,59232.4,59346.69,57.83113132
8/31/24 5:00,0,0,0.006885965,59346.68,59206.29,33.53947397
8/31/24 6:00,0,0,0.006585331,59207.73,59151.67,24.63977374
8/31/24 8:00,0,0,0.032549297,59089.64,58980.95,38.59068535
8/31/24 10:00,0.1187,0.0875,-0.095020173,58906.68,59126.19,29.64106841
8/31/24 11:00,0,-0.005208333,-0.020117947,59128.45,59114.78,22.8274772
8/31/24 12:00,-0.1204,0,-0.001706626,59121.37,59177.85,36.46401854
8/31/24 14:00,-0.4767,-0.25,-0.487539425,58950.41,59128.55,85.54569092
8/31/24 15:00,0.58565,0,0.274968893,59129.06,59011.89,62.66148242
8/31/24 16:00,0.52615,0.15,0.048172401,59011.88,58972.43,74.46469945
8/31/24 17:00,0.325633333,0.156060606,-0.021242718,58966.96,59002.82,109.3751282
8/31/24 19:00,-0.1998,0,-0.287439574,58920.87,58860.01,60.83466176
8/31/24 20:00,0.2263,-0.291666667,0.106470002,58860.02,58953.09,52.78462591
8/31/24 21:00,0,0,0.057545138,58953.08,59045.98,64.30123122
8/31/24 22:00,0,0,-0.015250415,59046.02,59022.31,44.06899423
8/31/24 23:00,0.31845,0.168181818,0.007940972,59022.31,58968.37,47.20962457
9/1/24 1:00,0,0,-0.005959794,58923.92,58821.17,36.10359907
9/1/24 2:00,0,0,-0.251030024,58821,58535.26,267.9915856
9/1/24 3:00,0,0,-0.229576439,58531.15,58515.61,241.685644
9/1/24 4:00,0,0,0.006365728,58515.61,58436.04,57.97786485
9/1/24 5:00,-0.1953,-0.166666667,0.007090444,58436.03,57976.79,304.5179677
9/1/24 6:00,0.125,0,-0.005289359,57978.02,58190.19,75.82779663
9/1/24 7:00,0.2423,-0.033333334,-0.211493563,58190.18,58468.66,131.059729
9/1/24 8:00,0.00606,-0.053333333,-0.090858312,58469.13,58222.74,132.4593197
9/1/24 9:00,0,0,0.000402093,58222.75,58193.3,120.9467602
9/1/24 10:00,0,0,0.032242403,58188.35,57920.77,185.9620155
9/1/24 12:00,0.3182,0,0.048699002,58226.88,58017.51,106.6627899
9/1/24 14:00,-0.098666667,-0.166666667,-0.124728796,58164.49,57867.88,540.6602548
9/1/24 15:00,0.09545,0.05,0.034491583,57870.65,58213.38,193.3402212
9/1/24 16:00,0,0.133333333,0.018579556,58213.59,58126.01,130.2594589
9/1/24 17:00,0.2263,0.25,0.022325819,58126.96,58121.1,90.3692917
9/1/24 18:00,-0.47415,-0.05,0.274574433,58121.1,58537.99,186.3737917
9/1/24 19:00,0,0,0.086274216,58540.34,58511.15,146.5559493
9/1/24 20:00,0,-0.333333333,0.009765144,58509.18,58421.96,127.4647847
9/1/24 21:00,0,0,-0.055908564,58420.08,58344.65,116.2673186
9/1/24 22:00,0.2263,0.175,-0.011261809,58344.65,57310.86,559.6621212
9/2/24 0:00,-0.20095,0,-0.006448264,57291.21,57472.43,353.6814525
9/2/24 2:00,-0.5574,0.075,-0.087459259,57407.84,57498.05,195.5692897
9/2/24 3:00,0,0,-0.012924677,57495.82,57739.72,110.6676236
9/2/24 6:00,0,0,-0.020319613,57779.32,57683.91,104.1171688
9/2/24 7:00,0,0,-0.024627826,57684.76,57546.97,102.7735815
9/2/24 9:00,0.39495,0,0.116873565,58048.76,58403.54,222.8348894
9/2/24 12:00,0.25,0,0.026509923,58415.33,58382.32,136.2424908
9/2/24 13:00,0,0.05,-0.010415837,58380.45,58176.89,150.3437262
9/2/24 14:00,0.444066667,0.433333333,-0.117282812,58173.98,58601.56,317.2559049
9/2/24 15:00,-0.23835,0.1,-0.13473332,58601.12,58531.45,151.2562545
9/2/24 16:00,0.099525,0.055625,0.036457344,58531.46,58339.86,106.6344712
9/2/24 18:00,-0.296,0,0.094098385,58514.77,58489.17,90.58353266
9/2/24 19:00,0,0,-0.904865769,58480.97,58447.07,67.48469652
9/2/24 20:00,0,0,-0.330863731,58447.08,58989.21,376.5234676
9/2/24 21:00,0.1902,0.175,0.086553857,58992.52,59043.16,288.303989
9/2/24 22:00,-0.2263,-0.5,-0.698958636,59043.16,59346.79,232.9481117
9/2/24 23:00,0,0.033333333,-0.007331535,59342.53,59139.83,174.4187429
9/3/24 0:00,0.20095,0,0.05082721,59138.89,59267.08,162.4566461
9/3/24 1:00,0.3802,0,0.002763411,59267.07,59393.23,254.4622612
9/3/24 2:00,0.5318,0.35,0.016756706,59393.22,59314.85,339.2996739
9/3/24 3:00,0,0,-0.001209319,59316.22,59112.86,93.39235446
9/3/24 4:00,0.141166667,0,-0.142535801,59110.99,59094.85,93.60077537
9/3/24 5:00,0,0,0.049218442,59093.32,59181.43,86.03665219
9/3/24 6:00,0.0258,-0.05,-0.239798596,59187.66,58882.27,128.3793542
9/3/24 7:00,0.31845,0.1875,0.001070837,58882.27,59097.99,43.11327173
9/3/24 9:00,0,0,0.013405684,58768.88,58862.34,94.16364767
9/3/24 10:00,0.171275,0.125,-0.215893985,58862.34,59070.34,86.86416393
9/3/24 11:00,0.0498,0.166666667,-0.127073473,59070.34,59059.89,47.49769148
9/3/24 13:00,0.13945,0.15,0.00442051,59129.96,58401.06,576.4959494
9/3/24 15:00,-0.1532,-0.266666667,0.059250511,57645.99,57693.53,848.6075043
9/3/24 16:00,0.056575,0.00625,0.014071106,57697.82,57677.56,682.6816521
9/3/24 17:00,0,0,-0.416564494,57677.55,57677.86,476.4606298
9/3/24 18:00,0.079,-0.05,0.058145047,57678.4,57905.69,513.1268423
9/3/24 20:00,0.1994875,0.126041667,-0.074728366,58017.88,58220.13,171.3630523
9/3/24 21:00,0.214,0.122222222,0.012670114,58220.16,58114.93,127.8992119
9/3/24 22:00,0.3182,-0.1,0.017172769,58114.92,57850.76,148.9942885
9/3/24 23:00,0.25,0.333333333,0.080881348,57845.8,57468.84,358.5543059
9/4/24 0:00,0,0.5,0.012647983,57460.5,57125.01,424.1777907
9/4/24 1:00,0.36684,0.217142857,-0.096818199,57125.02,56776.43,1901.282458
9/4/24 3:00,0,0,0.051743223,56630.39,56646.44,194.596696
9/4/24 5:00,0.128,0,0.369398596,56678.23,56226.49,288.9389437
9/4/24 6:00,0,0,-0.018203107,56225.81,56255.35,314.9081831
9/4/24 7:00,0,0,0.009794243,56257.82,56735.75,325.3325517
9/4/24 8:00,-0.066933333,0.116666667,-0.178772421,56739.87,56768.43,150.1571528
9/4/24 9:00,0,0.345454545,-0.017837682,56768.43,56588.51,124.1754647
9/4/24 10:00,0.6369,1,0.050801275,56588.52,56450,221.8762582
9/4/24 12:00,0.21075,0.125,0.060531657,56559.3,56596.52,308.8044128
9/4/24 13:00,0,0.0625,-0.033587162,56597.17,56472.1,767.3961312
9/4/24 14:00,0,0,0.012745062,56477.4,57526.66,2796.307244
9/4/24 15:00,0,0,-0.017704744,57534.94,58136.33,1820.453818
9/4/24 16:00,0.07827,0.033636364,0.058364046,58136.32,58404.42,756.9731518
9/4/24 17:00,0,0,0.067698992,58404.41,57875.12,564.1228369
9/4/24 19:00,-0.16035,-0.25,-0.236679905,57677.26,58043.49,454.8126896
9/4/24 20:00,0.509133333,-0.046464647,0.096946273,58043.49,58034.11,449.9202262
9/4/24 21:00,0.20095,0,0.007755359,58034.1,58095.43,185.9165015
9/4/24 23:00,-0.1531,0,-0.069177289,58128.56,57971,167.6796672
9/5/24 0:00,0,0.067045455,0.015836458,57971,57999.16,236.6912672
9/5/24 6:00,-0.025675,-0.025,-0.1014918,57189.46,56898.69,353.7631335
9/5/24 7:00,-0.06505,0.022727273,0.027822945,56897.46,57146.5,143.239474
9/5/24 8:00,0,0,-0.073798117,57143.62,56995.7,134.3164157
9/5/24 9:00,0.0471,-0.033333334,-0.0047716,56999.84,56789.09,282.4105133
9/5/24 10:00,-0.04745,-0.1875,-0.026572244,56789.09,56756.83,271.9515881
9/5/24 11:00,0,0,0.082086516,56756.83,56676.68,312.1481718
9/5/24 12:00,-0.15395,0,-0.190336549,56676.67,56651.6,901.3131918
9/5/24 13:00,-0.057175,0.1025,0.079993291,56650.66,57014.76,1248.885687
9/5/24 14:00,0.135575,0.125,0.181864713,57014.76,56541.8,1120.271902
9/5/24 15:00,-0.125366667,0,-0.153466216,56541.74,55960.82,2008.716826
9/5/24 16:00,0.012233333,0.051893939,-0.149137233,55962.02,56326.51,706.8959349
9/5/24 17:00,0.250766667,0,0.009519032,56326.51,56589.78,672.8701568
9/5/24 18:00,0.1101,0.175,-0.005196306,56589.75,56535.28,484.3493637
9/5/24 19:00,0.1702,0.166666667,0.107604798,56535.28,56035.77,1042.394669
9/5/24 20:00,0,0,0.101059534,56031.14,56080.18,372.5789264
9/5/24 21:00,0,0,0.011226235,56069.83,56132.22,316.9918324
9/5/24 22:00,0,0.05,0.025157638,56131.33,56071.48,199.2066273
9/5/24 23:00,-0.1101,-0.191287879,-0.051442621,56074.2,56156.82,132.0722198
9/6/24 0:00,0,0,0.009446802,56156.82,56157.24,152.627906
9/6/24 1:00,-0.4404,0,-0.886787416,56157.23,56539.34,166.2852245
9/6/24 2:00,-0.016,-0.125,-0.044501128,56535.84,56732.9,183.3025528
9/6/24 3:00,0.2263,0.15,0.011959933,56725.91,56571.27,99.45116681
9/6/24 4:00,0.3594,0.104166667,0.146883812,56571.27,56583.11,89.04299842
9/6/24 5:00,0,-0.05,0.12081221,56580.48,56481.1,105.5795594
9/6/24 6:00,0,0.198363637,-0.027362769,56477.35,56412.63,72.06641515
9/6/24 7:00,-0.296,0.125,0.081668176,56412.63,55774.13,544.8983103
9/6/24 8:00,0,0.5,0.005885804,55777.47,55772.1,227.4517665
9/6/24 9:00,0,0.390625,0.021257691,55770.16,55877.38,108.5694408
9/6/24 10:00,-0.098666667,0,-0.005438418,55877.5,56165.07,195.3389586
9/6/24 11:00,0,0,0.009225002,56155.55,55987.7,217.7936359
9/6/24 13:00,0.18655,0.175,0.151656693,56865.47,55879.46,1209.972246
9/6/24 14:00,0.155871429,0.203869048,0.060593918,55879.46,54690.97,2914.641262
9/6/24 15:00,0,0,0.017601693,54690.98,53994.2,2534.351672
9/6/24 16:00,0,0.071428572,-0.004965537,53994.19,54037.01,1338.325749
9/6/24 17:00,0.175566667,0.328571429,0.060815724,54034.23,53888.4,1043.759222
9/6/24 18:00,0,-0.03125,0.008354391,53888.4,53300,1253.047682
9/6/24 19:00,-0.042566667,0.166666667,0.050598996,53308.94,53478.7,2120.658006
9/6/24 20:00,0.034033333,0.412121212,-0.041143762,53478.7,52871.12,1333.868265
9/6/24 21:00,0,0,0.050799379,52871.14,53754.3,807.9416781
9/6/24 22:00,-0.106066667,0,0.018918567,53754.56,53623.9,397.2598853
9/6/24 23:00,0,-0.020454545,-0.138081779,53623.9,53950.01,185.9742379
9/7/24 0:00,0,0,0.007067062,53950,53901.01,213.2389456
9/7/24 1:00,0.5267,0,0.077953184,53901.98,53809.9,125.982825
9/7/24 2:00,-0.296,-0.2,-0.642893702,53809.87,53793.21,116.9535529
9/7/24 3:00,0.0836,0,-0.004790867,53793.21,53809.41,95.45551464
9/7/24 4:00,-0.296,0,0.067299932,53809.37,54041.07,92.01384887
9/7/24 5:00,0.156057143,0.020634921,-0.071596529,54041.07,54170.74,181.6744729
9/7/24 6:00,0,0,-0.017846613,54170.74,54307.14,143.3354108
9/7/24 7:00,-0.1702,0.066666667,-0.168558574,54307.13,54276.75,155.6339283
9/7/24 8:00,-0.045166667,-0.183333333,-0.104188607,54272.95,54369.58,64.77229241
9/7/24 9:00,-0.05135,-0.072916667,0.017132406,54369.15,54241.8,67.07098971
9/7/24 10:00,0,-0.035714286,-0.012038508,54241.8,54343.63,137.6283608
9/7/24 12:00,0,0,0.212996699,54327.26,54575.13,156.2819003
9/7/24 13:00,0,0,0.0309984,54575.13,54556.17,176.7117479
9/7/24 14:00,0.10615,0.166666667,-0.138774326,54552.48,54635.71,171.4598076
9/7/24 15:00,-0.23835,0,-0.220797348,54634.68,54781.84,165.1292368
9/7/24 16:00,0.018175,0,-0.081744811,54781.84,54467.37,172.5799577
9/7/24 17:00,-0.20095,0,-0.011330304,54470.49,54134.27,142.0258159
9/7/24 18:00,0.31845,0.1,0.035257083,54128.38,54291.57,145.4653798
9/7/24 19:00,0.091125,0.125,0.227109809,54290.45,54400.43,81.69526141
9/7/24 21:00,0.4576,0.408333333,0.025225971,54162.02,53926.9,168.7451356
9/7/24 22:00,0.1643,0,0.054436489,53926.89,53949.9,106.7765135
9/7/24 23:00,0.24225,0.107142857,0.074017727,53949.9,54156.33,164.0056015
9/8/24 0:00,-0.4767,-0.4,0.000512436,54159.6,54137.52,90.31549859
9/8/24 4:00,0.2553,0,0.093829456,54390.67,54483.76,82.71098582
9/8/24 5:00,0.128,0.225,0.137558503,54483.77,54334.92,58.21300903
9/8/24 6:00,0,0,-0.019273902,54334.92,54287.27,52.31762942
9/8/24 7:00,0,0.136363636,-0.051122551,54287.26,54429.32,56.19992106
9/8/24 10:00,0,0.136904762,0.017155303,54449.59,54594.44,46.64614026
9/8/24 11:00,0,0.095238095,0.018734528,54594.44,54563.2,53.90045402
9/8/24 12:00,0,0,0.007146884,54563.66,54195.69,98.40735026
9/8/24 13:00,-0.3738,-0.3,-0.112198688,54201.59,54392.82,139.1038941
9/8/24 14:00,0,-0.083333333,-0.03816671,54396.05,54144.63,140.7334662
9/8/24 15:00,0,0,0.070169134,54144.63,53691.11,394.9316952
9/8/24 16:00,0.127266667,0.045454545,0.060059884,53690.96,53914.62,214.7969107
9/8/24 17:00,0.13334,0.331666667,0.017439374,53912.39,54504.35,182.4120056
9/8/24 18:00,0,0,-0.015499141,54494.52,54420.43,165.7760147
9/8/24 19:00,-0.07655,0.121428572,-0.327851393,54420.43,54338.78,179.7253222
9/8/24 21:00,0.048566667,0.05,0.093505458,54379.84,54461.88,166.2798253
9/8/24 22:00,0.159225,0.1125,0.173737343,54461.08,54536.47,697.3641526
9/8/24 23:00,0,0.166666667,0.30918662,54536.47,54881.11,323.7432347
9/9/24 0:00,0.1953,0,0.452334997,54881.1,55051.49,534.7972887
9/9/24 1:00,-0.1217,0.01984127,-0.032047021,55051.49,55102.33,377.8988923
9/9/24 2:00,0,0,-0.026012411,55100,55112.66,142.5736063
9/9/24 3:00,-0.4019,0.1,-0.036720484,55112.66,55117.74,216.6707319
9/9/24 4:00,0,0.121428572,-0.341287507,55117.74,54851.48,109.4711916
9/9/24 5:00,0.086,0,0.039601403,54851.48,54664.63,157.3632031
9/9/24 6:00,-0.064,0,-0.226926588,54664.63,54890.03,124.6606778
9/9/24 7:00,0,0,-0.020224862,54890.04,54967.51,97.23539812
9/9/24 9:00,0,0,0.021496212,55239.51,55158.96,153.5292487
9/9/24 10:00,0.112733333,0,-0.011753786,55153.9,55365.44,118.6441333
9/9/24 11:00,-0.5267,-0.316666667,-0.006925546,55371.84,55269.82,221.3184941
9/9/24 12:00,0,0.125,-0.108471624,55269.82,55339.34,279.4688393
9/9/24 13:00,0,0.166666667,-0.011212699,55269.82,55339.34,279.4688393
9/9/24 14:00,0.1559,0.09,0.007773344,55342.11,55688.55,608.9902572
9/9/24 15:00,0.2287,0,0.145601726,55688.55,54830,716.2932382
9/9/24 16:00,-0.125,-0.125,-0.33609496,54829.92,55384,526.4256167
9/9/24 17:00,0.12972,0.0625,0.008674475,55384,56446.69,1014.471211
9/9/24 18:00,0.119957143,0.007142857,-0.003821382,56446.69,56531.64,968.211406
9/9/24 19:00,0,0.08,0.449277629,56533.43,56545.74,885.0477765
9/9/24 20:00,0.03845,0.1375,-0.000614434,56536.75,57101.12,752.5424195
9/9/24 21:00,0.043833333,0.088888889,0.0199268,57101.65,57028.21,476.9025287
9/9/24 22:00,0.1467,0,-0.017314801,57028.21,57478.39,863.6863937
9/9/24 23:00,0.1779,0,-0.385898087,57478.24,57225.91,413.9937501
9/10/24 0:00,0.3818,0,0.099020489,57226.06,57053.9,211.718043
9/10/24 1:00,-0.32985,0.125,0.01661622,57047.82,56987.82,251.1567502
9/10/24 3:00,0,0,0.018922072,56987.81,56905.4,162.9767191
9/10/24 6:00,0.11315,0.075,0.014673852,56772.77,56526.71,164.5825293
9/10/24 8:00,0,0.125,0.019865389,56942.27,56834.99,121.1671915
9/10/24 9:00,0.12085,0,0.025566777,57212.04,57048.62,200.8326293
9/10/24 10:00,0,0,0.909140944,57053.7,57087.16,121.7501461
9/10/24 11:00,0,0.136363636,0.037431468,57087.16,57165.94,84.69772986
9/10/24 12:00,0.02066,0.12,-0.053958327,57165.94,57227.6,100.5505303
9/10/24 13:00,-0.1405,0.055555556,-0.024744133,57223.1,57192.77,247.3430611
9/10/24 14:00,0,0,-0.057113227,57190.6,56727.14,540.2656032
9/10/24 15:00,0.006866667,0,-0.308197252,56727.14,56937.7,608.5402728
9/10/24 16:00,0.5292,0.575,0.056104973,56928.27,56589.71,447.9920211
9/10/24 17:00,0.233275,-0.075,0.156432476,56587.49,56810.46,220.2643943
9/10/24 18:00,0,0,-0.005913191,56812.42,57174.7,390.2924157
9/10/24 19:00,0,-0.025,-0.138095788,57174.71,57593.07,818.2603647
9/10/24 20:00,0.1454375,0.059375,-0.128646547,57587.34,57960.57,464.6192948
9/10/24 21:00,0,0,0.014900634,57956.1,57575.33,258.4090541
9/10/24 22:00,0,0,-0.007683107,57574.95,57517.67,175.5475297
9/11/24 6:00,0,0.125,-0.004122998,57517.66,57613.39,216.2191292
9/11/24 8:00,-0.003225,0.269949495,-0.016753873,56238.08,56453.49,141.0175091
9/11/24 10:00,-0.1806,-0.025,0.015478302,56702.41,56391.19,193.0641848
9/11/24 11:00,0.24695,0,0.07008898,56676.61,56510.05,157.7104406
9/11/24 12:00,0.1468,0.261111111,-0.02520148,56510.05,56796.66,140.7115247
9/11/24 13:00,-0.07955,-0.188888889,-0.152569616,56796.67,56740.48,621.6253228
9/11/24 14:00,0.116233333,0.141666667,0.358687198,56743.07,55718.6,1058.501146
9/11/24 15:00,0,0,0.927476231,55718.34,55954.45,1428.090189
9/11/24 16:00,0.1909,0,0.071933868,55953.84,56706.02,991.2851252
9/11/24 17:00,-0.11258,0.011818182,0.051648343,56697.83,57317.44,849.3835615
9/11/24 18:00,0.1806,-0.077777778,-0.557154711,57314.83,57709.84,1018.786152
9/11/24 19:00,0.3612,0.5,0.054558974,57709.84,57529.77,1315.502369
9/11/24 20:00,0.085,0.0125,0.048516051,57524.11,57604.58,459.0391372
9/11/24 21:00,0.128,0.2,0.112141421,57604.6,57496.01,194.4632532
9/11/24 22:00,0,0.0625,0.040042062,57496,57366.12,184.6971616
9/11/24 23:00,-0.07655,-0.1875,-0.026164241,57366.13,57485.51,201.1136738
9/12/24 0:00,0.05135,0,-0.370916119,57482.59,57352.79,168.9475694
9/12/24 1:00,-0.05715,-0.3,-0.349949172,57352.92,57628.54,465.5782798
9/12/24 2:00,0,0,0.007298459,57628.54,58138.33,402.2658829
9/12/24 3:00,0,-0.002777778,-0.302897704,58140.14,57960.23,462.906122
9/12/24 4:00,0,0,0.005522086,57960.23,58245.51,233.6697927
9/12/24 6:00,0,0,-0.023916871,58245.51,58191.03,177.2485831
9/12/24 7:00,0,0,0.028390554,57984.61,57949.53,177.1271774
9/12/24 8:00,-0.091066667,0,0.020943463,57958.52,58150.72,247.2795839
9/12/24 9:00,-0.34,0.136363636,-0.181643877,58146.79,58184.29,328.3831767
9/12/24 10:00,-0.26275,0.083333334,0.003817031,58180.12,58025.49,209.9497473
9/12/24 11:00,-0.03485,0.2,0.043284301,58025.48,57932.36,192.1328613
9/12/24 12:00,0,0,0.028183007,57932.37,58061.77,193.3408515
9/12/24 13:00,0.05986,0.15,-0.050538842,58061.77,57692.14,862.2604375
9/12/24 14:00,0.272533333,0.15,0.058076272,57688.65,57619.34,1227.721145
9/12/24 15:00,0,-0.220833333,0.03957519,57619.62,57533.42,1145.488057
9/12/24 16:00,0.23966,0.14,0.016148918,57533.42,57499,635.3207904
9/12/24 17:00,0.17535,0.245833333,0.0193588,57507.6,58063.99,346.3869863
9/12/24 18:00,0.091066667,0,0.031688572,58059.16,58395.4,523.4280311
9/12/24 19:00,0,0.375,0.017241862,58399.26,58183.48,498.9371574
9/12/24 20:00,0,0,0.027389796,58183.48,58407.05,591.7080495
9/13/24 0:00,-0.2202,0,-0.091813423,58397,58203.01,366.4536711
9/13/24 2:00,0.172533333,0.233333333,0.103472013,58137.33,58029.65,165.4689524
9/13/24 3:00,0.152933333,0.083333333,0.22420556,58132.96,58050.98,103.5767657
9/13/24 4:00,0.1366,0,-0.012231417,58048.24,57858.63,129.4620402
9/13/24 5:00,0.31845,0.5,0.1099584,57858.64,57846.52,158.8588395
9/13/24 6:00,0,0,-0.02247908,57851.13,57940.7,102.598617
9/13/24 7:00,0,-0.15,0.603192732,57940.7,57764.76,64.78208436
9/13/24 8:00,0,0.248363637,0.002414316,57767.54,58128.65,453.4899478
9/13/24 10:00,0.305866667,0,0.378316213,58128.65,57958.2,84.6527925
9/13/24 11:00,0.1204,0.020833333,0.246584316,58054.28,58354.53,148.6368741
9/13/24 13:00,0.08024,0.03,0.171596416,58354.15,57883.78,214.8438941
9/13/24 15:00,0,0,0.123186319,57903.43,58056.79,281.5736473
9/13/24 17:00,0,0.106060606,0.029432069,58463.65,59689.81,1855.684692
9/13/24 18:00,0.3382,0,0.071974821,59461.83,59608.5,945.4407672
9/13/24 21:00,-0.03618,0.16,0.138109149,59610.65,59781.59,739.0715837
9/13/24 22:00,0,0,0.018300818,59868.34,60320,1080.535385
9/13/24 23:00,-0.034433333,-0.041666667,0.066469275,60320.25,60647.47,630.3378005
9/14/24 0:00,0,0,-0.011864208,60647.47,60543.35,469.9347482
9/14/24 1:00,0,0,0.006453171,60543.35,60447.13,219.9556424
9/14/24 2:00,0.2202,0.277083334,0.046212452,60447.13,60439.39,219.8272851
9/14/24 3:00,0,0.175,0.02495728,60439.4,60326,120.3002343
9/14/24 4:00,0,0,-0.006065991,60324.37,60357.53,122.1141557
9/14/24 5:00,0.51535,0.068181818,0.053998787,60357.53,60238.8,155.5125053
9/14/24 6:00,0,0,-0.022350738,60238.79,59954.74,121.1781777
9/14/24 9:00,0,0.21875,0.023071076,59954.74,60078.47,128.4474521
9/14/24 10:00,0,0,0.016403804,60003.26,60091.46,79.37634841
9/14/24 11:00,0,0,0.007631177,60091.46,59855.94,93.4194616
9/14/24 12:00,0,0,0.007256744,59855.9,59733.04,149.9695766
9/14/24 13:00,0.014666667,0.2,-0.019601123,59732.91,59811.8,100.059748
9/14/24 14:00,-0.5574,0,-0.332289994,59810.01,59788.92,94.02415591
9/14/24 15:00,0,0.05,-0.060550079,59788.92,59932.52,138.29157
9/14/24 16:00,-0.296,0,-0.368392036,59932.4,59898.04,110.961668
9/14/24 17:00,0.297466667,0.09537037,-0.207252306,59898.04,59999.22,111.9627525
9/14/24 19:00,0,0,-0.12551963,59998,59906.4,90.63003332
9/14/24 21:00,-0.032,0,-0.034527301,59795.18,59826.1,74.51188787
9/14/24 22:00,-0.4158,0.357142857,-0.093293093,60026.81,60042.13,95.36367514
9/14/24 23:00,0.346266667,0.475,-0.248521366,60041.72,60031.33,144.8594238
9/15/24 2:00,0,-0.157142857,-0.080048751,60025.23,60012.35,156.4855463
9/15/24 3:00,0,0,0.052498887,60248.94,60249.69,169.886035
9/15/24 4:00,0.190633333,0,0.075261591,60249.68,60187.23,159.0966251
9/15/24 6:00,0,0,-0.02646818,60187.23,60145.46,161.9357002
9/15/24 7:00,0,0.170454545,0.002004378,60168.16,60170.97,36.36405609
9/15/24 9:00,0.7845,1,0.135242115,60172.38,60204.14,35.13591965
9/15/24 10:00,0,0.068181818,0.013643456,60077.5,60020.01,40.91212257
9/15/24 11:00,0,0,0.203178935,60020,59999,55.50485072
9/15/24 13:00,-0.060233333,-0.183333333,-0.106829584,59999,60016.01,37.56494833
9/15/24 14:00,0,0,0.023373063,60116.22,60204.66,185.8472729
9/15/24 15:00,0.2023,0,-0.017978612,60200.43,60286.21,210.6782095
9/15/24 16:00,-0.3662,0.066666667,-0.677597951,60286.23,60343.45,113.2464929
9/15/24 17:00,0.251766667,0.216666667,0.171723247,60347.02,59959.88,265.862193
9/15/24 19:00,-0.296,-0.1,-0.912391566,59959.89,59830.63,178.5493837
9/15/24 20:00,0,0,0.025969239,59985.16,59888.98,129.0494698
9/15/24 21:00,-0.2563,0.01,-0.146172545,59888.98,59801.69,124.1364054
9/15/24 22:00,0.1909,0,-0.037961584,59804.37,59654.6,240.3324512
9/16/24 0:00,0.3612,0.136363636,0.003166567,59656.14,59428.86,265.9444718
9/16/24 1:00,0,0,-0.175500508,59122.7,58661.16,414.0887457
9/16/24 2:00,0,0,-0.001254187,58660.44,58606.88,299.6297454
9/16/24 4:00,0.36705,0.375,0.021430282,58606.87,58262.62,424.5598486
9/16/24 6:00,0,0,-0.017323461,58567.19,58345.78,147.4100413
9/16/24 7:00,0,0,-0.024724994,58667.82,58705.94,138.0086646
9/16/24 9:00,0,0,0.171981206,58700.61,58896.4,104.0192294
9/16/24 10:00,0.0862,0.25,0.144039229,58911.31,58631.41,156.9984254
9/16/24 11:00,0.31845,0.3,-0.016744729,58631.41,58740.58,92.14667493
9/16/24 12:00,0,0,-0.002395517,58738.55,58656.45,81.36920223
9/16/24 13:00,0.0595,-0.046666667,-0.056267334,58656.45,58514.29,230.3765914
9/16/24 14:00,0.14045,0.125,-0.080444395,58513.52,58483.08,557.8396932
9/16/24 15:00,0.10846,0.105,0.093217273,58476.8,57584.22,756.4101142
9/16/24 16:00,0.3612,0.6,0.021211846,57588.86,57863.49,482.6557812
9/16/24 18:00,-0.3595,0,0.09126818,57866.26,57803.63,368.7992274
9/16/24 19:00,0,0,0.029318496,58155.75,57880.62,535.1194081
9/16/24 20:00,0.1779,0,-0.916172411,57880.62,57936.06,455.6594827
9/16/24 21:00,0,0.5,0.587643611,57935.01,57666.77,734.266099
9/16/24 22:00,0,-0.077777778,0.007725704,57673.78,57985.97,184.4069324
9/16/24 23:00,-0.4404,0,0.037969707,57985.97,57962.6,177.3133846
9/17/24 1:00,0,0,0.086653302,57962.6,58208.75,222.8071604
9/17/24 4:00,-0.07008,0.075,-0.093152568,57629.61,57896.13,283.3340766
9/17/24 6:00,0,0,-0.002983969,58061.69,58247.7,206.1429232
9/17/24 7:00,0,0,0.000869873,58641.08,58485.52,85.70359081
9/17/24 9:00,0,0,0.042360701,58485.52,58693.5,145.5501825
9/17/24 10:00,-0.164633333,0.011111111,-0.104562568,58785.17,58962.02,232.5459475
9/17/24 11:00,-0.0903,0.03125,-0.118495739,58958.18,59245.79,227.2498359
9/17/24 12:00,0.10285,-0.033333333,-0.13254984,59245.78,59090.4,193.1882832
9/17/24 13:00,0.52525,0.3625,0.247113231,59090.4,59381.13,293.9536651
9/17/24 14:00,-0.8151,0.142857143,-0.188876985,59381.13,58972.03,736.9176758
9/17/24 15:00,-0.0172,-0.1,-0.13886467,58971.94,60288.25,1766.718198
9/17/24 16:00,-0.056575,0.25,-0.18300498,60295.57,61147.56,1810.638
9/17/24 17:00,0,0,-0.012778954,61147.56,60885.67,956.5250337
9/17/24 18:00,0.204133333,0,0.030963863,60886.06,60969.03,623.3716108
9/17/24 19:00,0.2787,0.025,0.092384312,60968.06,60550.61,532.5987142
9/17/24 20:00,0.2787,-0.066666667,-0.157690092,60549.5,59975.42,1199.317755
9/17/24 21:00,-0.05135,0,0.060825895,59969.07,60133.21,666.586266
9/17/24 22:00,0,-0.15,0.007442438,60133.21,60345.95,233.9418356
9/18/24 0:00,0.6369,0.75,-0.191047689,60340.52,60246.4,322.4468648
9/18/24 1:00,0.18865,0.130555556,-0.196016973,60317.38,60239.98,248.2509567
9/18/24 2:00,0,0,-0.021545022,60242.19,60116.93,184.9697058
9/18/24 5:00,0.19695,0,-0.044116915,60116.62,60359.75,112.6489067
9/18/24 6:00,0.08038,0,0.051388076,60436.31,60238.58,79.99022747
9/18/24 7:00,0,0,0.016177095,60238.67,60456.8,80.91936668
9/18/24 8:00,0.2199,0.240277778,0.046756359,60457.93,60430.03,50.39861097
9/18/24 9:00,0,0.1,-0.000655436,60430.03,60198.25,129.9296035
9/18/24 10:00,0.0703,0,-0.100466473,60192.39,59661.92,235.4739473
9/18/24 11:00,0,0.068181818,0.044741983,59661.87,59907.58,335.8834376
9/18/24 12:00,0,0.235443723,0.006965636,59907.58,59848.5,107.4392174
9/18/24 13:00,-0.05464,0.04,-0.022760645,59848.5,59981.5,198.1441023
9/18/24 14:00,0,0,0.04569576,59981.5,59496.64,589.5789262
9/18/24 15:00,0.106066667,0.141666667,0.266987355,59496.64,59481.26,626.3419143
9/18/24 16:00,0.20095,0.085227273,0.104709212,59481.27,59427.16,402.0112164
9/18/24 17:00,0.193266667,-0.059259259,-0.150363828,59427.15,59909.82,264.5607224
9/18/24 18:00,0.098666667,0.125,0.004512387,59910.83,60024.62,456.4378654